{
	"tags": "modified",
	"ellipsoid": [
		0.5,
		1,
		0.5
	],
	"ellipsoidOffset": [
		0,
		0,
		0
	],
	"checkCollisions": false,
	"applyGravity": false,
	"rotation": [
		0.07999860350562496,
		-1.5640967766934242,
		0.05922212921028032
	],
	"speed": 0.1,
	"position": [
		12.820261001586914,
		3.6232190132141113,
		2.5466911792755127
	],
	"upVector": [
		-0.08016794174909592,
		0.995054304599762,
		-0.058651749044656754
	],
	"fov": 0.8,
	"minZ": 1,
	"maxZ": 15000,
	"inertia": 0.9,
	"mode": 0,
	"layerMask": 268435455,
	"fovMode": 0,
	"cameraRigMode": 0,
	"name": "camera",
	"id": "05e93a47-ec25-41ad-a1df-16f279c32246",
	"state": "",
	"metadata": {
		"script": {
			"name": "None"
		}
	},
	"type": "UniversalCamera",
	"inputsmgr": {
		"FreeCameraKeyboardMoveInput": {
			"tags": null,
			"keysUp": [
				38
			],
			"keysUpward": [
				33
			],
			"keysDown": [
				40
			],
			"keysDownward": [
				34
			],
			"keysLeft": [
				37
			],
			"keysRight": [
				39
			]
		},
		"FreeCameraMouseInput": {
			"tags": null,
			"buttons": [
				0,
				1,
				2
			],
			"angularSensibility": 2000
		}
	},
	"animations": [],
	"ranges": []
}